model,min,mean,max
A_stacking_fixed_hparams,0.9202453987730062,0.9390217878551136,0.9602446483180428
